Workbook
Name SnapshotDate: Dashboard!$C$3
Name MktTitle: Markets!$A$2:$A$101
Name MktCat: Markets!$B$2:$B$101
Name MktYes: Markets!$D$2:$D$101
Name MktVol24: Markets!$F$2:$F$101
Name MktTotVol: Markets!$G$2:$G$101
Name WhaleThreshold: Analysis!$B$8

Sheet Markets
A1: title | B1: category | C1: is_sports | D1: yes_price | E1: no_price | F1: volume_24h | G1: total_volume | H1: liquidity | I1: end_date | J1: days_to_resolution
A2: Will Croatia win the 2026 FIFA World Cup? | B2: Soccer | C2: TRUE | D2: 0.0005 | E2: 0.9995 | F2: 8290650.2 | G2: 1.0948026e+08 | H2: 6886779 | I2: 46223 | J2: =IF(I2="","",INT(I2)-INT(SnapshotDate))
A3: Will Paraguay win the 2026 FIFA World Cup? | B3: Soccer | C3: TRUE | D3: 0.0015 | E3: 0.9985 | F3: 7556846.5 | G3: 1.0204093e+08 | H3: 10387239 | I3: 46223 | J3: =IF(I3="","",INT(I3)-INT(SnapshotDate))
A4: Will Spain win the 2026 FIFA World Cup? | B4: Soccer | C4: TRUE | D4: 0.1235 | E4: 0.8765 | F4: 5231098.6 | G4: 80313999 | H4: 7132753.4 | I4: 46223 | J4: =IF(I4="","",INT(I4)-INT(SnapshotDate))
A5: Will Portugal win the 2026 FIFA World Cup? | B5: Soccer | C5: TRUE | D5: 0.065 | E5: 0.935 | F5: 4855499.8 | G5: 92255350 | H5: 1016179.6 | I5: 46223 | J5: =IF(I5="","",INT(I5)-INT(SnapshotDate))
A6: Will Switzerland win on 2026-07-02? | B6: Soccer | C6: TRUE | D6: 0.48875 | E6: 0.51125 | F6: 3741587.8 | G6: 4234734.6 | H6: 2204021.2 | I6: 46206 | J6: =IF(I6="","",INT(I6)-INT(SnapshotDate))
A7: Will Mexico win the 2026 FIFA World Cup? | B7: Soccer | C7: TRUE | D7: 0.0345 | E7: 0.9655 | F7: 3695969.7 | G7: 1.2183162e+08 | H7: 852100.99 | I7: 46223 | J7: =IF(I7="","",INT(I7)-INT(SnapshotDate))
A8: Will Ghana win the 2026 FIFA World Cup? | B8: Soccer | C8: TRUE | D8: 0.0005 | E8: 0.9995 | F8: 3593612.6 | G8: 86927729 | H8: 14177016 | I8: 46223 | J8: =IF(I8="","",INT(I8)-INT(SnapshotDate))
A9: Will USA win the 2026 FIFA World Cup? | B9: Soccer | C9: TRUE | D9: 0.0265 | E9: 0.9735 | F9: 3400840.9 | G9: 1.2411514e+08 | H9: 3419936.2 | I9: 46223 | J9: =IF(I9="","",INT(I9)-INT(SnapshotDate))
A10: Will Cape Verde win the 2026 FIFA World Cup? | B10: Soccer | C10: TRUE | D10: 0.0005 | E10: 0.9995 | F10: 2769471.7 | G10: 96660857 | H10: 11781411 | I10: 46223 | J10: =IF(I10="","",INT(I10)-INT(SnapshotDate))
A11: Will Algeria win the 2026 FIFA World Cup? | B11: Soccer | C11: TRUE | D11: 0.0005 | E11: 0.9995 | F11: 2754433.5 | G11: 90084362 | H11: 7915090.1 | I11: 46223 | J11: =IF(I11="","",INT(I11)-INT(SnapshotDate))
A12: Will Norway win the 2026 FIFA World Cup? | B12: Soccer | C12: TRUE | D12: 0.0185 | E12: 0.9815 | F12: 2651995 | G12: 91798257 | H12: 2854735 | I12: 46223 | J12: =IF(I12="","",INT(I12)-INT(SnapshotDate))
A13: Will Morocco win the 2026 FIFA World Cup? | B13: Soccer | C13: TRUE | D13: 0.0235 | E13: 0.9765 | F13: 2498375.9 | G13: 1.1408486e+08 | H13: 1838163.2 | I13: 46223 | J13: =IF(I13="","",INT(I13)-INT(SnapshotDate))
... A65: Exact Score: Switzerland 3 - 1 Algeria? | B65: Soccer | C65: TRUE | D65: 0.055 | E65: 0.945 | F65: 180706.79 | G65: 182499.99 | H65: 442846.42 | I65: 46206 | J65: =IF(I65="","",INT(I65)-INT(SnapshotDate))
A66: Will Ronaldo Cry at the World Cup? | B66: Soccer | C66: TRUE | D66: 0.745 | E66: 0.255 | F66: 175129.14 | G66: 616998.3 | H66: 21629.74 | J66: =IF(I66="","",INT(I66)-INT(SnapshotDate))
A67: Brazil vs. Norway: Team to Advance | B67: Soccer | C67: TRUE | D67: 0.655 | E67: 0.345 | F67: 173445.08 | G67: 230409.2 | H67: 109686.89 | I67: 46208 | J67: =IF(I67="","",INT(I67)-INT(SnapshotDate))
A68: Spread: Algeria (-1.5) | B68: Soccer | C68: TRUE | D68: 0.06375 | E68: 0.93625 | F68: 171765.36 | G68: 172228.18 | H68: 282411.52 | I68: 46206 | J68: =IF(I68="","",INT(I68)-INT(SnapshotDate))
A69: Spread: Argentina (-1.5) | B69: Soccer | C69: TRUE | D69: 0.645 | E69: 0.355 | F69: 169000.86 | G69: 584847.5 | H69: 413272.08 | I69: 46206 | J69: =IF(I69="","",INT(I69)-INT(SnapshotDate))
A70: Will LeBron James play for the Los Angeles Lakers in 2026-27? | B70: NBA | C70: TRUE | D70: 0.0125 | E70: 0.9875 | F70: 163958.87 | G70: 1076925.8 | H70: 82639.47 | I70: 46327 | J70: =IF(I70="","",INT(I70)-INT(SnapshotDate))
A71: Will LeBron James play for the Miami Heat in 2026-27? | B71: NBA | C71: TRUE | D71: 0.113 | E71: 0.887 | F71: 155779.89 | G71: 665431.09 | H71: 41746.79 | I71: 46327 | J71: =IF(I71="","",INT(I71)-INT(SnapshotDate))
A72: Will Shimelis Abdisa be the next Prime Minister of Ethiopia? | B72: Politics | C72: FALSE | D72: 0.002 | E72: 0.998 | F72: 7643279.3 | G72: 35143008 | H72: 28356.82 | I72: 46174 | J72: =IF(I72="","",INT(I72)-INT(SnapshotDate))
A73: Will Gedion Timothewos be the next Prime Minister of Ethiopia? | B73: Politics | C73: FALSE | D73: 0.002 | E73: 0.998 | F73: 2091931.4 | G73: 30969938 | H73: 26521.33 | I73: 46174 | J73: =IF(I73="","",INT(I73)-INT(SnapshotDate))
A74: Will Alesa Mengesha be the next Prime Minister of Ethiopia? | B74: Politics | C74: FALSE | D74: 0.002 | E74: 0.998 | F74: 2084521.2 | G74: 5659381 | H74: 31159.85 | I74: 46174 | J74: =IF(I74="","",INT(I74)-INT(SnapshotDate))
A75: Will the Fed increase interest rates by 25 bps after the July 2026 meeting? | B75: Economics | C75: FALSE | D75: 0.0935 | E75: 0.9065 | F75: 2049397.5 | G75: 9375099.5 | H75: 1221808.2 | I75: 46232 | J75: =IF(I75="","",INT(I75)-INT(SnapshotDate))
A76: Will no listed leader be out before 2027? | B76: Other | C76: FALSE | D76: 0.003 | E76: 0.997 | F76: 2011940 | G76: 3196135 | H76: 103019.76 | I76: 46387 | J76: =IF(I76="","",INT(I76)-INT(SnapshotDate))
A77: Will Vladimir Putin be the next leader out before 2027? | B77: Politics | C77: FALSE | D77: 0.0025 | E77: 0.9975 | F77: 1630822.2 | G77: 2540949.5 | H77: 89372.75 | I77: 46387 | J77: =IF(I77="","",INT(I77)-INT(SnapshotDate))
A78: Will Donald Trump be the next leader out before 2027? | B78: Other | C78: FALSE | D78: 0.002 | E78: 0.998 | F78: 1404710 | G78: 2287443.1 | H78: 99137.91 | I78: 46387 | J78: =IF(I78="","",INT(I78)-INT(SnapshotDate))
... A91: Strait of Hormuz traffic returns to normal by July 7? | B91: Other | C91: FALSE | D91: 0.0085 | E91: 0.9915 | F91: 231261.9 | G91: 889084.56 | H91: 333447.92 | I91: 46210 | J91: =IF(I91="","",INT(I91)-INT(SnapshotDate))
A92: Will Lebanon recognize Israel by June 30? | B92: Other | C92: FALSE | D92: 0.0055 | E92: 0.9945 | F92: 225018.4 | G92: 1882207.1 | H92: 313569.56 | J92: =IF(I92="","",INT(I92)-INT(SnapshotDate))
A93: Will Geraldo Alckmin win the 2026 Brazilian presidential election? | B93: Politics | C93: FALSE | D93: 0.0045 | E93: 0.9955 | F93: 224592.9 | G93: 4487888.4 | H93: 219681.62 | I93: 46299 | J93: =IF(I93="","",INT(I93)-INT(SnapshotDate))
A94: Will the price of Bitcoin be above $56,000 on July 3? | B94: Crypto | C94: FALSE | D94: 0.9995 | E94: 0.0005 | F94: 218246 | G94: 267878.85 | H94: 102991.28 | I94: 46206 | J94: =IF(I94="","",INT(I94)-INT(SnapshotDate))
A95: Will the Democratic Party control the Senate after the 2026 Midterm elections? | B95: Politics | C95: FALSE | D95: 0.445 | E95: 0.555 | F95: 214662.16 | G95: 1730010.8 | H95: 246177.67 | I95: 46329 | J95: =IF(I95="","",INT(I95)-INT(SnapshotDate))
A96: Will Moshe Feiglin be the next Prime Minister of Israel? | B96: Politics | C96: FALSE | D96: 0.0025 | E96: 0.9975 | F96: 201822.77 | G96: 1103938.5 | H96: 119702.2 | I96: 46387 | J96: =IF(I96="","",INT(I96)-INT(SnapshotDate))
A97: Will NVIDIA be the largest company in the world by market cap on July 31? | B97: Tech | C97: FALSE | D97: 0.835 | E97: 0.165 | F97: 189430.26 | G97: 444033.89 | H97: 81250.62 | I97: 46234 | J97: =IF(I97="","",INT(I97)-INT(SnapshotDate))
A98: Will Trump agree to Iranian transit fees in the Strait of Hormuz by June 30? | B98: Other | C98: FALSE | D98: 0.0005 | E98: 0.9995 | F98: 181934.45 | G98: 2956165.8 | H98: 3092767.2 | I98: 46203 | J98: =IF(I98="","",INT(I98)-INT(SnapshotDate))
A99: US x Iran diplomatic meeting by July 3, 2026? | B99: Other | C99: FALSE | D99: 0.0105 | E99: 0.9895 | F99: 181864.68 | G99: 1499279.2 | H99: 103572.16 | I99: 46206 | J99: =IF(I99="","",INT(I99)-INT(SnapshotDate))
A100: Will Elon Musk post 160-179 tweets from June 26 to July 3, 2026? | B100: Tech | C100: FALSE | D100: 0.0005 | E100: 0.9995 | F100: 176002.61 | G100: 400016.75 | H100: 202271.51 | I100: 46206 | J100: =IF(I100="","",INT(I100)-INT(SnapshotDate))
A101: Will Trump speak to Ahmed al-Sharaa in June? | B101: Other | C101: FALSE | D101: 0.066 | E101: 0.934 | F101: 174128.42 | G101: 338499.9 | H101: 13297.22 | I101: 46203 | J101: =IF(I101="","",INT(I101)-INT(SnapshotDate))

Sheet Trades
A1: market | B1: date | C1: timestamp_utc | D1: side | E1: outcome | F1: price | G1: size_shares | H1: notional_usd | I1: mkt_category | J1: mkt_total_volume | K1: large_trade_flag
A2: Will USA win the 2026 FIFA World Cup? | B2: 46206 | C2: 46206.086 | D2: BUY | E2: No | F2: 0.974 | G2: 5003.9 | H2: =F2*G2 | I2: =_xlfn.XLOOKUP(A2,MktTitle,MktCat,"n/a") | J2: =_xlfn.XLOOKUP(A2,MktTitle,MktTotVol,0) | K2: =IF(H2>WhaleThreshold,"WHALE","")
A3: Will USA win the 2026 FIFA World Cup? | B3: 46206 | C3: 46206.08 | D3: SELL | E3: No | F3: 0.973 | G3: 41.94 | H3: =F3*G3 | I3: =_xlfn.XLOOKUP(A3,MktTitle,MktCat,"n/a") | J3: =_xlfn.XLOOKUP(A3,MktTitle,MktTotVol,0) | K3: =IF(H3>WhaleThreshold,"WHALE","")
A4: Will USA win the 2026 FIFA World Cup? | B4: 46206 | C4: 46206.08 | D4: BUY | E4: Yes | F4: 0.027 | G4: 185.1852 | H4: =F4*G4 | I4: =_xlfn.XLOOKUP(A4,MktTitle,MktCat,"n/a") | J4: =_xlfn.XLOOKUP(A4,MktTitle,MktTotVol,0) | K4: =IF(H4>WhaleThreshold,"WHALE","")
A5: Will USA win the 2026 FIFA World Cup? | B5: 46206 | C5: 46206.076 | D5: BUY | E5: No | F5: 0.974 | G5: 10.5338 | H5: =F5*G5 | I5: =_xlfn.XLOOKUP(A5,MktTitle,MktCat,"n/a") | J5: =_xlfn.XLOOKUP(A5,MktTitle,MktTotVol,0) | K5: =IF(H5>WhaleThreshold,"WHALE","")
A6: Will USA win the 2026 FIFA World Cup? | B6: 46206 | C6: 46206.076 | D6: SELL | E6: Yes | F6: 0.026 | G6: 8333.33 | H6: =F6*G6 | I6: =_xlfn.XLOOKUP(A6,MktTitle,MktCat,"n/a") | J6: =_xlfn.XLOOKUP(A6,MktTitle,MktTotVol,0) | K6: =IF(H6>WhaleThreshold,"WHALE","")
A7: Will USA win the 2026 FIFA World Cup? | B7: 46206 | C7: 46206.074 | D7: BUY | E7: No | F7: 0.974 | G7: 3.0801 | H7: =F7*G7 | I7: =_xlfn.XLOOKUP(A7,MktTitle,MktCat,"n/a") | J7: =_xlfn.XLOOKUP(A7,MktTitle,MktTotVol,0) | K7: =IF(H7>WhaleThreshold,"WHALE","")
A8: Will USA win the 2026 FIFA World Cup? | B8: 46206 | C8: 46206.074 | D8: SELL | E8: No | F8: 0.973 | G8: 49.84 | H8: =F8*G8 | I8: =_xlfn.XLOOKUP(A8,MktTitle,MktCat,"n/a") | J8: =_xlfn.XLOOKUP(A8,MktTitle,MktTotVol,0) | K8: =IF(H8>WhaleThreshold,"WHALE","")
A9: Will USA win the 2026 FIFA World Cup? | B9: 46206 | C9: 46206.072 | D9: BUY | E9: No | F9: 0.974 | G9: 2000 | H9: =F9*G9 | I9: =_xlfn.XLOOKUP(A9,MktTitle,MktCat,"n/a") | J9: =_xlfn.XLOOKUP(A9,MktTitle,MktTotVol,0) | K9: =IF(H9>WhaleThreshold,"WHALE","")
A10: Will USA win the 2026 FIFA World Cup? | B10: 46206 | C10: 46206.071 | D10: BUY | E10: Yes | F10: 0.027 | G10: 1370.3704 | H10: =F10*G10 | I10: =_xlfn.XLOOKUP(A10,MktTitle,MktCat,"n/a") | J10: =_xlfn.XLOOKUP(A10,MktTitle,MktTotVol,0) | K10: =IF(H10>WhaleThreshold,"WHALE","")
A11: Will USA win the 2026 FIFA World Cup? | B11: 46206 | C11: 46206.071 | D11: BUY | E11: Yes | F11: 0.027 | G11: 3333 | H11: =F11*G11 | I11: =_xlfn.XLOOKUP(A11,MktTitle,MktCat,"n/a") | J11: =_xlfn.XLOOKUP(A11,MktTitle,MktTotVol,0) | K11: =IF(H11>WhaleThreshold,"WHALE","")
A12: Will USA win the 2026 FIFA World Cup? | B12: 46206 | C12: 46206.071 | D12: BUY | E12: No | F12: 0.974 | G12: 1000 | H12: =F12*G12 | I12: =_xlfn.XLOOKUP(A12,MktTitle,MktCat,"n/a") | J12: =_xlfn.XLOOKUP(A12,MktTitle,MktTotVol,0) | K12: =IF(H12>WhaleThreshold,"WHALE","")
A13: Will USA win the 2026 FIFA World Cup? | B13: 46206 | C13: 46206.068 | D13: SELL | E13: Yes | F13: 0.026 | G13: 767.71 | H13: =F13*G13 | I13: =_xlfn.XLOOKUP(A13,MktTitle,MktCat,"n/a") | J13: =_xlfn.XLOOKUP(A13,MktTitle,MktTotVol,0) | K13: =IF(H13>WhaleThreshold,"WHALE","")
... A3001: Will Portugal win the 2026 FIFA World Cup? | B3001: 46206 | C3001: 46206.052 | D3001: SELL | E3001: Yes | F3001: 0.0689 | G3001: 10227.54 | H3001: =F3001*G3001 | I3001: =_xlfn.XLOOKUP(A3001,MktTitle,MktCat,"n/a") | J3001: =_xlfn.XLOOKUP(A3001,MktTitle,MktTotVol,0) | K3001: =IF(H3001>WhaleThreshold,"WHALE","")

Sheet Analysis
A1: ANALYSIS — live Excel formulas (recalculate on open / on data edit)
A2: Every flag below is a real formula. Thresholds are editable in the block beneath — change one and the whole sheet re-evaluates.
A4: High 24h-volume threshold (75th pct): | B4: =PERCENTILE(Markets!$F$2:$F$101,0.75)
A5: Low liquidity threshold (25th pct): | B5: =PERCENTILE(Markets!$H$2:$H$101,0.25)
A6: Book-sum deviation tolerance: | B6: 0.02
A7: Heavy-volume threshold (median 24h vol): | B7: =MEDIAN(Markets!$F$2:$F$101)
A8: Whale threshold (95th pct notional): | B8: =PERCENTILE(Trades!$H$2:$H$3001,0.95)
A9: 1 & 2 — LIQUIDITY RISK + PRICING SANITY (one row per tracked market)
A10: market | B10: category | C10: volume_24h | D10: liquidity | E10: thin_flag | F10: yes_price | G10: no_price | H10: book_sum | I10: abs_dev | J10: price_flag | K10: near_certain_active
A11: =Markets!A2 | B11: =Markets!B2 | C11: =Markets!F2 | D11: =Markets!H2 | E11: =IF(AND(C11>=$B$4,D11<=$B$5),"THIN MARKET","") | F11: =Markets!D2 | G11: =Markets!E2 | H11: =F11+G11 | I11: =ABS(H11-1) | J11: =IF(I11>$B$6,"CHECK PRICING","") | K11: =IF(AND(OR(F11>0.95,F11<0.05),C11>$B$7),"CERTAIN+ACTIVE","")
A12: =Markets!A3 | B12: =Markets!B3 | C12: =Markets!F3 | D12: =Markets!H3 | E12: =IF(AND(C12>=$B$4,D12<=$B$5),"THIN MARKET","") | F12: =Markets!D3 | G12: =Markets!E3 | H12: =F12+G12 | I12: =ABS(H12-1) | J12: =IF(I12>$B$6,"CHECK PRICING","") | K12: =IF(AND(OR(F12>0.95,F12<0.05),C12>$B$7),"CERTAIN+ACTIVE","")
A13: =Markets!A4 | B13: =Markets!B4 | C13: =Markets!F4 | D13: =Markets!H4 | E13: =IF(AND(C13>=$B$4,D13<=$B$5),"THIN MARKET","") | F13: =Markets!D4 | G13: =Markets!E4 | H13: =F13+G13 | I13: =ABS(H13-1) | J13: =IF(I13>$B$6,"CHECK PRICING","") | K13: =IF(AND(OR(F13>0.95,F13<0.05),C13>$B$7),"CERTAIN+ACTIVE","")
A14: =Markets!A5 | B14: =Markets!B5 | C14: =Markets!F5 | D14: =Markets!H5 | E14: =IF(AND(C14>=$B$4,D14<=$B$5),"THIN MARKET","") | F14: =Markets!D5 | G14: =Markets!E5 | H14: =F14+G14 | I14: =ABS(H14-1) | J14: =IF(I14>$B$6,"CHECK PRICING","") | K14: =IF(AND(OR(F14>0.95,F14<0.05),C14>$B$7),"CERTAIN+ACTIVE","")
A15: =Markets!A6 | B15: =Markets!B6 | C15: =Markets!F6 | D15: =Markets!H6 | E15: =IF(AND(C15>=$B$4,D15<=$B$5),"THIN MARKET","") | F15: =Markets!D6 | G15: =Markets!E6 | H15: =F15+G15 | I15: =ABS(H15-1) | J15: =IF(I15>$B$6,"CHECK PRICING","") | K15: =IF(AND(OR(F15>0.95,F15<0.05),C15>$B$7),"CERTAIN+ACTIVE","")
A16: =Markets!A7 | B16: =Markets!B7 | C16: =Markets!F7 | D16: =Markets!H7 | E16: =IF(AND(C16>=$B$4,D16<=$B$5),"THIN MARKET","") | F16: =Markets!D7 | G16: =Markets!E7 | H16: =F16+G16 | I16: =ABS(H16-1) | J16: =IF(I16>$B$6,"CHECK PRICING","") | K16: =IF(AND(OR(F16>0.95,F16<0.05),C16>$B$7),"CERTAIN+ACTIVE","")
A17: =Markets!A8 | B17: =Markets!B8 | C17: =Markets!F8 | D17: =Markets!H8 | E17: =IF(AND(C17>=$B$4,D17<=$B$5),"THIN MARKET","") | F17: =Markets!D8 | G17: =Markets!E8 | H17: =F17+G17 | I17: =ABS(H17-1) | J17: =IF(I17>$B$6,"CHECK PRICING","") | K17: =IF(AND(OR(F17>0.95,F17<0.05),C17>$B$7),"CERTAIN+ACTIVE","")
A18: =Markets!A9 | B18: =Markets!B9 | C18: =Markets!F9 | D18: =Markets!H9 | E18: =IF(AND(C18>=$B$4,D18<=$B$5),"THIN MARKET","") | F18: =Markets!D9 | G18: =Markets!E9 | H18: =F18+G18 | I18: =ABS(H18-1) | J18: =IF(I18>$B$6,"CHECK PRICING","") | K18: =IF(AND(OR(F18>0.95,F18<0.05),C18>$B$7),"CERTAIN+ACTIVE","")
A19: =Markets!A10 | B19: =Markets!B10 | C19: =Markets!F10 | D19: =Markets!H10 | E19: =IF(AND(C19>=$B$4,D19<=$B$5),"THIN MARKET","") | F19: =Markets!D10 | G19: =Markets!E10 | H19: =F19+G19 | I19: =ABS(H19-1) | J19: =IF(I19>$B$6,"CHECK PRICING","") | K19: =IF(AND(OR(F19>0.95,F19<0.05),C19>$B$7),"CERTAIN+ACTIVE","")
A20: =Markets!A11 | B20: =Markets!B11 | C20: =Markets!F11 | D20: =Markets!H11 | E20: =IF(AND(C20>=$B$4,D20<=$B$5),"THIN MARKET","") | F20: =Markets!D11 | G20: =Markets!E11 | H20: =F20+G20 | I20: =ABS(H20-1) | J20: =IF(I20>$B$6,"CHECK PRICING","") | K20: =IF(AND(OR(F20>0.95,F20<0.05),C20>$B$7),"CERTAIN+ACTIVE","")
A21: =Markets!A12 | B21: =Markets!B12 | C21: =Markets!F12 | D21: =Markets!H12 | E21: =IF(AND(C21>=$B$4,D21<=$B$5),"THIN MARKET","") | F21: =Markets!D12 | G21: =Markets!E12 | H21: =F21+G21 | I21: =ABS(H21-1) | J21: =IF(I21>$B$6,"CHECK PRICING","") | K21: =IF(AND(OR(F21>0.95,F21<0.05),C21>$B$7),"CERTAIN+ACTIVE","")
A22: =Markets!A13 | B22: =Markets!B13 | C22: =Markets!F13 | D22: =Markets!H13 | E22: =IF(AND(C22>=$B$4,D22<=$B$5),"THIN MARKET","") | F22: =Markets!D13 | G22: =Markets!E13 | H22: =F22+G22 | I22: =ABS(H22-1) | J22: =IF(I22>$B$6,"CHECK PRICING","") | K22: =IF(AND(OR(F22>0.95,F22<0.05),C22>$B$7),"CERTAIN+ACTIVE","")
... A110: =Markets!A101 | B110: =Markets!B101 | C110: =Markets!F101 | D110: =Markets!H101 | E110: =IF(AND(C110>=$B$4,D110<=$B$5),"THIN MARKET","") | F110: =Markets!D101 | G110: =Markets!E101 | H110: =F110+G110 | I110: =ABS(H110-1) | J110: =IF(I110>$B$6,"CHECK PRICING","") | K110: =IF(AND(OR(F110>0.95,F110<0.05),C110>$B$7),"CERTAIN+ACTIVE","")
A113: 3 — ACTIVITY TRENDS (live SUMIFS / COUNTIFS / AVERAGEIFS)
A114: trade_date | B114: trade_volume_usd | C114: trade_count | D114: avg_trade_usd
A115: 46204 | B115: =SUMIFS(Trades!$H$2:$H$3001,Trades!$B$2:$B$3001,A115) | C115: =COUNTIFS(Trades!$B$2:$B$3001,A115) | D115: =AVERAGEIFS(Trades!$H$2:$H$3001,Trades!$B$2:$B$3001,A115)
A116: 46205 | B116: =SUMIFS(Trades!$H$2:$H$3001,Trades!$B$2:$B$3001,A116) | C116: =COUNTIFS(Trades!$B$2:$B$3001,A116) | D116: =AVERAGEIFS(Trades!$H$2:$H$3001,Trades!$B$2:$B$3001,A116)
A117: 46206 | B117: =SUMIFS(Trades!$H$2:$H$3001,Trades!$B$2:$B$3001,A117) | C117: =COUNTIFS(Trades!$B$2:$B$3001,A117) | D117: =AVERAGEIFS(Trades!$H$2:$H$3001,Trades!$B$2:$B$3001,A117)
A118: by market category
A119: category | B119: trade_volume_usd | C119: trade_count | D119: avg_trade_usd
A120: Soccer | B120: =SUMIFS(Trades!$H$2:$H$3001,Trades!$I$2:$I$3001,A120) | C120: =COUNTIFS(Trades!$I$2:$I$3001,A120) | D120: =AVERAGEIFS(Trades!$H$2:$H$3001,Trades!$I$2:$I$3001,A120)
A121: by trade side (order-flow imbalance)
A122: side | B122: trade_volume_usd | C122: trade_count | D122: avg_trade_usd
A123: BUY | B123: =SUMIFS(Trades!$H$2:$H$3001,Trades!$D$2:$D$3001,A123) | C123: =COUNTIFS(Trades!$D$2:$D$3001,A123) | D123: =AVERAGEIFS(Trades!$H$2:$H$3001,Trades!$D$2:$D$3001,A123)
A124: SELL | B124: =SUMIFS(Trades!$H$2:$H$3001,Trades!$D$2:$D$3001,A124) | C124: =COUNTIFS(Trades!$D$2:$D$3001,A124) | D124: =AVERAGEIFS(Trades!$H$2:$H$3001,Trades!$D$2:$D$3001,A124)
A127: PIVOT TABLES (build manually)
A128: Build 3 pivots off the Trades sheet here (Insert > PivotTable): (1) volume by market, (2) volume by day x side, (3) whale count by market. Add slicers on market & side. See README manual checklist.

Sheet Dashboard
A1: PREDICTION MARKET OPERATIONS TRACKER
A2: Live-formula operations dashboard — Polymarket real market & trade data
A3: Snapshot (UTC): | C3: 46206
A4: Snapshot timestamp: | C4: 2026-07-03T02:07:21+00:00
A5: Data source: | C5: Polymarket Gamma API + Data API (public, no auth)
A7: KEY PERFORMANCE INDICATORS
A8: metric | C8: value | E8: Top 10 markets (24h vol) | F8: volume_24h
A9: Total tracked volume (all-time, USD) | C9: =SUM(Markets!$G$2:$G$101) | E9: Will Croatia win the 2026 FIFA Wor… | F9: =_xlfn.XLOOKUP(J9,MktTitle,MktVol24,0) | J9: Will Croatia win the 2026 FIFA World Cup?
A10: Total 24h volume (USD) | C10: =SUM(Markets!$F$2:$F$101) | E10: Will Shimelis Abdisa be the next P… | F10: =_xlfn.XLOOKUP(J10,MktTitle,MktVol24,0) | J10: Will Shimelis Abdisa be the next Prime Minister of Ethiopia?
A11: Largest single-market 24h volume (USD) | C11: =MAX(Markets!$F$2:$F$101) | E11: Will Paraguay win the 2026 FIFA Wo… | F11: =_xlfn.XLOOKUP(J11,MktTitle,MktVol24,0) | J11: Will Paraguay win the 2026 FIFA World Cup?
A12: Markets tracked | C12: =COUNTA(Markets!$A$2:$A$101) | E12: Will Spain win the 2026 FIFA World… | F12: =_xlfn.XLOOKUP(J12,MktTitle,MktVol24,0) | J12: Will Spain win the 2026 FIFA World Cup?
A13: Sports markets tracked | C13: =COUNTIF(Markets!$C$2:$C$101,TRUE) | E13: Will Portugal win the 2026 FIFA Wo… | F13: =_xlfn.XLOOKUP(J13,MktTitle,MktVol24,0) | J13: Will Portugal win the 2026 FIFA World Cup?
A14: Thin-market flags | C14: =COUNTIF(Analysis!E11:E110,"THIN MARKET") | E14: Will Switzerland win on 2026-07-02? | F14: =_xlfn.XLOOKUP(J14,MktTitle,MktVol24,0) | J14: Will Switzerland win on 2026-07-02?
A15: Pricing-discrepancy flags | C15: =COUNTIF(Analysis!J11:J110,"CHECK PRICING") | E15: Will Mexico win the 2026 FIFA Worl… | F15: =_xlfn.XLOOKUP(J15,MktTitle,MktVol24,0) | J15: Will Mexico win the 2026 FIFA World Cup?
A16: Whale trades | C16: =COUNTIF(Trades!$K$2:$K$3001,"WHALE") | E16: Will Ghana win the 2026 FIFA World… | F16: =_xlfn.XLOOKUP(J16,MktTitle,MktVol24,0) | J16: Will Ghana win the 2026 FIFA World Cup?
A17: Trades tracked | C17: =COUNTA(Trades!$A$2:$A$3001) | E17: Will USA win the 2026 FIFA World C… | F17: =_xlfn.XLOOKUP(J17,MktTitle,MktVol24,0) | J17: Will USA win the 2026 FIFA World Cup?
E18: Will Cape Verde win the 2026 FIFA … | F18: =_xlfn.XLOOKUP(J18,MktTitle,MktVol24,0) | J18: Will Cape Verde win the 2026 FIFA World Cup?
E20: Trade date | F20: daily trade volume (USD)
E21: =Analysis!A115 | F21: =Analysis!B115
E22: =Analysis!A116 | F22: =Analysis!B116
E23: =Analysis!A117 | F23: =Analysis!B117
